,date,rate
0,12.10.2023,36.4385
1,11.10.2023,36.5058
2,10.10.2023,36.5527
3,09.10.2023,36.5827
4,08.10.2023,36.6216
5,07.10.2023,36.6216
6,06.10.2023,36.6216
7,05.10.2023,36.6023
8,04.10.2023,36.5901
9,03.10.2023,36.5686
10,02.10.2023,36.5686
11,01.10.2023,36.5686
12,30.09.2023,36.5686
13,29.09.2023,36.5686
14,28.09.2023,36.5686
15,27.09.2023,36.5686
16,26.09.2023,36.5686
17,25.09.2023,36.5686
18,24.09.2023,36.5686
19,23.09.2023,36.5686
20,22.09.2023,36.5686
21,21.09.2023,36.5686
22,20.09.2023,36.5686
23,19.09.2023,36.5686
24,18.09.2023,36.5686
25,17.09.2023,36.5686
26,16.09.2023,36.5686
27,15.09.2023,36.5686
28,14.09.2023,36.5686
29,13.09.2023,36.5686
30,12.09.2023,36.5686
31,11.09.2023,36.5686
32,10.09.2023,36.5686
33,09.09.2023,36.5686
34,08.09.2023,36.5686
35,07.09.2023,36.5686
36,06.09.2023,36.5686
37,05.09.2023,36.5686
38,04.09.2023,36.5686
39,03.09.2023,36.5686
40,02.09.2023,36.5686
41,01.09.2023,36.5686
42,31.08.2023,36.5686
43,30.08.2023,36.5686
44,29.08.2023,36.5686
45,28.08.2023,36.5686
46,27.08.2023,36.5686
47,26.08.2023,36.5686
48,25.08.2023,36.5686
49,24.08.2023,36.5686
50,23.08.2023,36.5686
51,22.08.2023,36.5686
52,21.08.2023,36.5686
53,20.08.2023,36.5686
54,19.08.2023,36.5686
55,18.08.2023,36.5686
56,17.08.2023,36.5686
57,16.08.2023,36.5686
58,15.08.2023,36.5686
59,14.08.2023,36.5686
60,13.08.2023,36.5686
61,12.08.2023,36.5686
62,11.08.2023,36.5686
63,10.08.2023,36.5686
64,09.08.2023,36.5686
65,08.08.2023,36.5686
66,07.08.2023,36.5686
67,06.08.2023,36.5686
68,05.08.2023,36.5686
69,04.08.2023,36.5686
70,03.08.2023,36.5686
71,02.08.2023,36.5686
72,01.08.2023,36.5686
73,31.07.2023,36.5686
74,30.07.2023,36.5686
75,29.07.2023,36.5686
76,28.07.2023,36.5686
77,27.07.2023,36.5686
78,26.07.2023,36.5686
79,25.07.2023,36.5686
80,24.07.2023,36.5686
81,23.07.2023,36.5686
82,22.07.2023,36.5686
83,21.07.2023,36.5686
84,20.07.2023,36.5686
85,19.07.2023,36.5686
86,18.07.2023,36.5686
87,17.07.2023,36.5686
88,16.07.2023,36.5686
89,15.07.2023,36.5686
90,14.07.2023,36.5686
91,13.07.2023,36.5686
92,12.07.2023,36.5686
93,11.07.2023,36.5686
94,10.07.2023,36.5686
95,09.07.2023,36.5686
96,08.07.2023,36.5686
97,07.07.2023,36.5686
98,06.07.2023,36.5686
99,05.07.2023,36.5686
100,04.07.2023,36.5686
101,03.07.2023,36.5686
102,02.07.2023,36.5686
103,01.07.2023,36.5686
104,30.06.2023,36.5686
105,29.06.2023,36.5686
106,28.06.2023,36.5686
107,27.06.2023,36.5686
108,26.06.2023,36.5686
109,25.06.2023,36.5686
110,24.06.2023,36.5686
111,23.06.2023,36.5686
112,22.06.2023,36.5686
113,21.06.2023,36.5686
114,20.06.2023,36.5686
115,19.06.2023,36.5686
116,18.06.2023,36.5686
117,17.06.2023,36.5686
118,16.06.2023,36.5686
119,15.06.2023,36.5686
120,14.06.2023,36.5686
121,13.06.2023,36.5686
122,12.06.2023,36.5686
123,11.06.2023,36.5686
124,10.06.2023,36.5686
125,09.06.2023,36.5686
126,08.06.2023,36.5686
127,07.06.2023,36.5686
128,06.06.2023,36.5686
129,05.06.2023,36.5686
130,04.06.2023,36.5686
131,03.06.2023,36.5686
132,02.06.2023,36.5686
133,01.06.2023,36.5686
134,31.05.2023,36.5686
135,30.05.2023,36.5686
136,29.05.2023,36.5686
137,28.05.2023,36.5686
138,27.05.2023,36.5686
139,26.05.2023,36.5686
140,25.05.2023,36.5686
141,24.05.2023,36.5686
142,23.05.2023,36.5686
143,22.05.2023,36.5686
144,21.05.2023,36.5686
145,20.05.2023,36.5686
146,19.05.2023,36.5686
147,18.05.2023,36.5686
148,17.05.2023,36.5686
149,16.05.2023,36.5686
150,15.05.2023,36.5686
151,14.05.2023,36.5686
152,13.05.2023,36.5686
153,12.05.2023,36.5686
154,11.05.2023,36.5686
155,10.05.2023,36.5686
156,09.05.2023,36.5686
157,08.05.2023,36.5686
158,07.05.2023,36.5686
159,06.05.2023,36.5686
160,05.05.2023,36.5686
161,04.05.2023,36.5686
162,03.05.2023,36.5686
163,02.05.2023,36.5686
164,01.05.2023,36.5686
165,30.04.2023,36.5686
166,29.04.2023,36.5686
167,28.04.2023,36.5686
168,27.04.2023,36.5686
169,26.04.2023,36.5686
170,25.04.2023,36.5686
171,24.04.2023,36.5686
172,23.04.2023,36.5686
173,22.04.2023,36.5686
174,21.04.2023,36.5686
175,20.04.2023,36.5686
176,19.04.2023,36.5686
177,18.04.2023,36.5686
178,17.04.2023,36.5686
179,16.04.2023,36.5686
180,15.04.2023,36.5686
181,14.04.2023,36.5686
182,13.04.2023,36.5686
183,12.04.2023,36.5686
184,11.04.2023,36.5686
185,10.04.2023,36.5686
186,09.04.2023,36.5686
187,08.04.2023,36.5686
188,07.04.2023,36.5686
189,06.04.2023,36.5686
190,05.04.2023,36.5686
191,04.04.2023,36.5686
192,03.04.2023,36.5686
193,02.04.2023,36.5686
194,01.04.2023,36.5686
195,31.03.2023,36.5686
196,30.03.2023,36.5686
197,29.03.2023,36.5686
198,28.03.2023,36.5686
199,27.03.2023,36.5686
200,26.03.2023,36.5686
201,25.03.2023,36.5686
202,24.03.2023,36.5686
203,23.03.2023,36.5686
204,22.03.2023,36.5686
205,21.03.2023,36.5686
206,20.03.2023,36.5686
207,19.03.2023,36.5686
208,18.03.2023,36.5686
209,17.03.2023,36.5686
210,16.03.2023,36.5686
211,15.03.2023,36.5686
212,14.03.2023,36.5686
213,13.03.2023,36.5686
214,12.03.2023,36.5686
215,11.03.2023,36.5686
216,10.03.2023,36.5686
217,09.03.2023,36.5686
218,08.03.2023,36.5686
219,07.03.2023,36.5686
220,06.03.2023,36.5686
221,05.03.2023,36.5686
222,04.03.2023,36.5686
223,03.03.2023,36.5686
224,02.03.2023,36.5686
225,01.03.2023,36.5686
226,28.02.2023,36.5686
227,27.02.2023,36.5686
228,26.02.2023,36.5686
229,25.02.2023,36.5686
230,24.02.2023,36.5686
231,23.02.2023,36.5686
232,22.02.2023,36.5686
233,21.02.2023,36.5686
234,20.02.2023,36.5686
235,19.02.2023,36.5686
236,18.02.2023,36.5686
237,17.02.2023,36.5686
238,16.02.2023,36.5686
239,15.02.2023,36.5686
240,14.02.2023,36.5686
241,13.02.2023,36.5686
242,12.02.2023,36.5686
243,11.02.2023,36.5686
244,10.02.2023,36.5686
245,09.02.2023,36.5686
246,08.02.2023,36.5686
247,07.02.2023,36.5686
248,06.02.2023,36.5686
249,05.02.2023,36.5686
250,04.02.2023,36.5686
251,03.02.2023,36.5686
252,02.02.2023,36.5686
253,01.02.2023,36.5686
254,31.01.2023,36.5686
255,30.01.2023,36.5686
256,29.01.2023,36.5686
257,28.01.2023,36.5686
258,27.01.2023,36.5686
259,26.01.2023,36.5686
260,25.01.2023,36.5686
261,24.01.2023,36.5686
262,23.01.2023,36.5686
263,22.01.2023,36.5686
264,21.01.2023,36.5686
265,20.01.2023,36.5686
266,19.01.2023,36.5686
267,18.01.2023,36.5686
268,17.01.2023,36.5686
269,16.01.2023,36.5686
270,15.01.2023,36.5686
271,14.01.2023,36.5686
272,13.01.2023,36.5686
273,12.01.2023,36.5686
274,11.01.2023,36.5686
275,10.01.2023,36.5686
276,09.01.2023,36.5686
277,08.01.2023,36.5686
278,07.01.2023,36.5686
279,06.01.2023,36.5686
280,05.01.2023,36.5686
281,04.01.2023,36.5686
282,03.01.2023,36.5686
283,02.01.2023,36.5686
284,01.01.2023,36.5686
285,31.12.2022,36.5686
286,30.12.2022,36.5686
287,29.12.2022,36.5686
288,28.12.2022,36.5686
289,27.12.2022,36.5686
290,26.12.2022,36.5686
291,25.12.2022,36.5686
292,24.12.2022,36.5686
293,23.12.2022,36.5686
294,22.12.2022,36.5686
295,21.12.2022,36.5686
296,20.12.2022,36.5686
297,19.12.2022,36.5686
298,18.12.2022,36.5686
299,17.12.2022,36.5686
300,16.12.2022,36.5686
301,15.12.2022,36.5686
302,14.12.2022,36.5686
303,13.12.2022,36.5686
304,12.12.2022,36.5686
305,11.12.2022,36.5686
306,10.12.2022,36.5686
307,09.12.2022,36.5686
308,08.12.2022,36.5686
309,07.12.2022,36.5686
310,06.12.2022,36.5686
311,05.12.2022,36.5686
312,04.12.2022,36.5686
313,03.12.2022,36.5686
314,02.12.2022,36.5686
315,01.12.2022,36.5686
316,30.11.2022,36.5686
317,29.11.2022,36.5686
318,28.11.2022,36.5686
319,27.11.2022,36.5686
320,26.11.2022,36.5686
321,25.11.2022,36.5686
322,24.11.2022,36.5686
323,23.11.2022,36.5686
324,22.11.2022,36.5686
325,21.11.2022,36.5686
326,20.11.2022,36.5686
327,19.11.2022,36.5686
328,18.11.2022,36.5686
329,17.11.2022,36.5686
330,16.11.2022,36.5686
331,15.11.2022,36.5686
332,14.11.2022,36.5686
333,13.11.2022,36.5686
334,12.11.2022,36.5686
335,11.11.2022,36.5686
336,10.11.2022,36.5686
337,09.11.2022,36.5686
338,08.11.2022,36.5686
339,07.11.2022,36.5686
340,06.11.2022,36.5686
341,05.11.2022,36.5686
342,04.11.2022,36.5686
343,03.11.2022,36.5686
344,02.11.2022,36.5686
345,01.11.2022,36.5686
346,31.10.2022,36.5686
347,30.10.2022,36.5686
348,29.10.2022,36.5686
349,28.10.2022,36.5686
350,27.10.2022,36.5686
351,26.10.2022,36.5686
352,25.10.2022,36.5686
353,24.10.2022,36.5686
354,23.10.2022,36.5686
355,22.10.2022,36.5686
356,21.10.2022,36.5686
357,20.10.2022,36.5686
358,19.10.2022,36.5686
359,18.10.2022,36.5686
360,17.10.2022,36.5686
361,16.10.2022,36.5686
362,15.10.2022,36.5686
363,14.10.2022,36.5686
364,13.10.2022,36.5686
365,12.10.2022,36.5686
366,11.10.2022,36.5686
367,10.10.2022,36.5686
368,09.10.2022,36.5686
369,08.10.2022,36.5686
370,07.10.2022,36.5686
371,06.10.2022,36.5686
372,05.10.2022,36.5686
373,04.10.2022,36.5686
374,03.10.2022,36.5686
375,02.10.2022,36.5686
376,01.10.2022,36.5686
377,30.09.2022,36.5686
378,29.09.2022,36.5686
379,28.09.2022,36.5686
380,27.09.2022,36.5686
381,26.09.2022,36.5686
382,25.09.2022,36.5686
383,24.09.2022,36.5686
384,23.09.2022,36.5686
385,22.09.2022,36.5686
386,21.09.2022,36.5686
387,20.09.2022,36.5686
388,19.09.2022,36.5686
389,18.09.2022,36.5686
390,17.09.2022,36.5686
391,16.09.2022,36.5686
392,15.09.2022,36.5686
393,14.09.2022,36.5686
394,13.09.2022,36.5686
395,12.09.2022,36.5686
396,11.09.2022,36.5686
397,10.09.2022,36.5686
398,09.09.2022,36.5686
399,08.09.2022,36.5686
400,07.09.2022,36.5686
401,06.09.2022,36.5686
402,05.09.2022,36.5686
403,04.09.2022,36.5686
404,03.09.2022,36.5686
405,02.09.2022,36.5686
406,01.09.2022,36.5686
407,31.08.2022,36.5686
408,30.08.2022,36.5686
409,29.08.2022,36.5686
410,28.08.2022,36.5686
411,27.08.2022,36.5686
412,26.08.2022,36.5686
413,25.08.2022,36.5686
414,24.08.2022,36.5686
415,23.08.2022,36.5686
416,22.08.2022,36.5686
417,21.08.2022,36.5686
418,20.08.2022,36.5686
419,19.08.2022,36.5686
420,18.08.2022,36.5686
421,17.08.2022,36.5686
422,16.08.2022,36.5686
423,15.08.2022,36.5686
424,14.08.2022,36.5686
425,13.08.2022,36.5686
426,12.08.2022,36.5686
427,11.08.2022,36.5686
428,10.08.2022,36.5686
429,09.08.2022,36.5686
430,08.08.2022,36.5686
431,07.08.2022,36.5686
432,06.08.2022,36.5686
433,05.08.2022,36.5686
434,04.08.2022,36.5686
435,03.08.2022,36.5686
436,02.08.2022,36.5686
437,01.08.2022,36.5686
438,31.07.2022,36.5686
439,30.07.2022,36.5686
440,29.07.2022,36.5686
441,28.07.2022,36.5686
442,27.07.2022,36.5686
443,26.07.2022,36.5686
444,25.07.2022,36.5686
445,24.07.2022,36.5686
446,23.07.2022,36.5686
447,22.07.2022,36.5686
448,21.07.2022,36.5686
449,20.07.2022,29.2549
450,19.07.2022,29.2549
451,18.07.2022,29.2549
452,17.07.2022,29.2549
453,16.07.2022,29.2549
454,15.07.2022,29.2549
455,14.07.2022,29.2549
456,13.07.2022,29.2549
457,12.07.2022,29.2549
458,11.07.2022,29.2549
459,10.07.2022,29.2549
460,09.07.2022,29.2549
461,08.07.2022,29.2549
462,07.07.2022,29.2549
463,06.07.2022,29.2549
464,05.07.2022,29.2549
465,04.07.2022,29.2549
466,03.07.2022,29.2549
467,02.07.2022,29.2549
468,01.07.2022,29.2549
469,30.06.2022,29.2549
470,29.06.2022,29.2549
471,28.06.2022,29.2549
472,27.06.2022,29.2549
473,26.06.2022,29.2549
474,25.06.2022,29.2549
475,24.06.2022,29.2549
476,23.06.2022,29.2549
477,22.06.2022,29.2549
478,21.06.2022,29.2549
479,20.06.2022,29.2549
480,19.06.2022,29.2549
481,18.06.2022,29.2549
482,17.06.2022,29.2549
483,16.06.2022,29.2549
484,15.06.2022,29.2549
485,14.06.2022,29.2549
486,13.06.2022,29.2549
487,12.06.2022,29.2549
488,11.06.2022,29.2549
489,10.06.2022,29.2549
490,09.06.2022,29.2549
491,08.06.2022,29.2549
492,07.06.2022,29.2549
493,06.06.2022,29.2549
494,05.06.2022,29.2549
495,04.06.2022,29.2549
496,03.06.2022,29.2549
497,02.06.2022,29.2549
498,01.06.2022,29.2549
499,31.05.2022,29.2549
500,30.05.2022,29.2549
501,29.05.2022,29.2549
502,28.05.2022,29.2549
503,27.05.2022,29.2549
504,26.05.2022,29.2549
505,25.05.2022,29.2549
506,24.05.2022,29.2549
507,23.05.2022,29.2549
508,22.05.2022,29.2549
509,21.05.2022,29.2549
510,20.05.2022,29.2549
511,19.05.2022,29.2549
512,18.05.2022,29.2549
513,17.05.2022,29.2549
514,16.05.2022,29.2549
515,15.05.2022,29.2549
516,14.05.2022,29.2549
517,13.05.2022,29.2549
518,12.05.2022,29.2549
519,11.05.2022,29.2549
520,10.05.2022,29.2549
521,09.05.2022,29.2549
522,08.05.2022,29.2549
523,07.05.2022,29.2549
524,06.05.2022,29.2549
525,05.05.2022,29.2549
526,04.05.2022,29.2549
527,03.05.2022,29.2549
528,02.05.2022,29.2549
529,01.05.2022,29.2549
530,30.04.2022,29.2549
531,29.04.2022,29.2549
532,28.04.2022,29.2549
533,27.04.2022,29.2549
534,26.04.2022,29.2549
535,25.04.2022,29.2549
536,24.04.2022,29.2549
537,23.04.2022,29.2549
538,22.04.2022,29.2549
539,21.04.2022,29.2549
540,20.04.2022,29.2549
541,19.04.2022,29.2549
542,18.04.2022,29.2549
543,17.04.2022,29.2549
544,16.04.2022,29.2549
545,15.04.2022,29.2549
546,14.04.2022,29.2549
547,13.04.2022,29.2549
548,12.04.2022,29.2549
549,11.04.2022,29.2549
550,10.04.2022,29.2549
551,09.04.2022,29.2549
552,08.04.2022,29.2549
553,07.04.2022,29.2549
554,06.04.2022,29.2549
555,05.04.2022,29.2549
556,04.04.2022,29.2549
557,03.04.2022,29.2549
558,02.04.2022,29.2549
559,01.04.2022,29.2549
560,31.03.2022,29.2549
561,30.03.2022,29.2549
562,29.03.2022,29.2549
563,28.03.2022,29.2549
564,27.03.2022,29.2549
565,26.03.2022,29.2549
566,25.03.2022,29.2549
567,24.03.2022,29.2549
568,23.03.2022,29.2549
569,22.03.2022,29.2549
570,21.03.2022,29.2549
571,20.03.2022,29.2549
572,19.03.2022,29.2549
573,18.03.2022,29.2549
574,17.03.2022,29.2549
575,16.03.2022,29.2549
576,15.03.2022,29.2549
577,14.03.2022,29.2549
578,13.03.2022,29.2549
579,12.03.2022,29.2549
580,11.03.2022,29.2549
581,10.03.2022,29.2549
582,09.03.2022,29.2549
583,08.03.2022,29.2549
584,07.03.2022,29.2549
585,06.03.2022,29.2549
586,05.03.2022,29.2549
587,04.03.2022,29.2549
588,03.03.2022,29.2549
589,02.03.2022,29.2549
590,01.03.2022,29.2549
591,28.02.2022,29.2549
592,27.02.2022,29.2549
593,26.02.2022,29.2549
594,25.02.2022,29.2549
595,24.02.2022,29.2549
596,23.02.2022,28.9877
597,22.02.2022,28.4846
598,21.02.2022,28.3428
599,20.02.2022,28.3
600,19.02.2022,28.3
601,18.02.2022,28.3
602,17.02.2022,28.0943
603,16.02.2022,28.2424
604,15.02.2022,28.5355
605,14.02.2022,28.0346
606,13.02.2022,27.8756
607,12.02.2022,27.8756
608,11.02.2022,27.8756
609,10.02.2022,27.9795
610,09.02.2022,27.9619
611,08.02.2022,27.9998
612,07.02.2022,28.1468
613,06.02.2022,28.2701
614,05.02.2022,28.2701
615,04.02.2022,28.2701
616,03.02.2022,28.3876
617,02.02.2022,28.318
618,01.02.2022,28.4555
619,31.01.2022,28.7839
620,30.01.2022,28.9879
621,29.01.2022,28.9879
622,28.01.2022,28.9879
623,27.01.2022,28.7984
624,26.01.2022,28.6658
625,25.01.2022,28.3749
626,24.01.2022,28.3181
627,23.01.2022,28.3236
628,22.01.2022,28.3236
629,21.01.2022,28.3236
630,20.01.2022,28.4038
631,19.01.2022,28.4101
632,18.01.2022,28.122
633,17.01.2022,27.9514
634,16.01.2022,27.7372
635,15.01.2022,27.7372
636,14.01.2022,27.7372
637,13.01.2022,27.7073
638,12.01.2022,27.5093
639,11.01.2022,27.4998
640,10.01.2022,27.4977
641,09.01.2022,27.4551
642,08.01.2022,27.4551
643,07.01.2022,27.4551
644,06.01.2022,27.4551
645,05.01.2022,27.2976
646,04.01.2022,27.2782
647,03.01.2022,27.2782
648,02.01.2022,27.2782
649,01.01.2022,27.2782
650,31.12.2021,27.2782
651,30.12.2021,27.2077
652,29.12.2021,27.2235
653,28.12.2021,27.2306
654,27.12.2021,27.2747
655,26.12.2021,27.2747
656,25.12.2021,27.2747
657,24.12.2021,27.2747
658,23.12.2021,27.2508
659,22.12.2021,27.2598
660,21.12.2021,27.2846
661,20.12.2021,27.2483
662,19.12.2021,27.1929
663,18.12.2021,27.1929
664,17.12.2021,27.1929
665,16.12.2021,27.196
666,15.12.2021,26.9985
667,14.12.2021,26.8846
668,13.12.2021,27.0241
669,12.12.2021,27.1013
670,11.12.2021,27.1013
671,10.12.2021,27.1013
672,09.12.2021,27.2167
673,08.12.2021,27.3317
674,07.12.2021,27.3791
675,06.12.2021,27.2981
676,05.12.2021,27.2933
677,04.12.2021,27.2933
678,03.12.2021,27.2933
679,02.12.2021,27.2296
680,01.12.2021,27.2142
681,30.11.2021,27.1739
682,29.11.2021,27.1033
683,28.11.2021,27.0256
684,27.11.2021,27.0256
685,26.11.2021,27.0256
686,25.11.2021,26.9273
687,24.11.2021,26.8604
688,23.11.2021,26.6588
689,22.11.2021,26.5694
690,21.11.2021,26.4427
691,20.11.2021,26.4427
692,19.11.2021,26.4427
693,18.11.2021,26.5147
694,17.11.2021,26.4133
695,16.11.2021,26.3371
696,15.11.2021,26.1107
697,14.11.2021,26.1022
698,13.11.2021,26.1022
699,12.11.2021,26.1022
700,11.11.2021,26.0575
701,10.11.2021,26.0927
702,09.11.2021,26.0806
703,08.11.2021,26.102
704,07.11.2021,26.19
705,06.11.2021,26.19
706,05.11.2021,26.19
707,04.11.2021,26.2431
708,03.11.2021,26.2904
709,02.11.2021,26.2933
710,01.11.2021,26.2767
711,31.10.2021,26.3265
712,30.10.2021,26.3265
713,29.10.2021,26.3265
714,28.10.2021,26.3712
715,27.10.2021,26.419
716,26.10.2021,26.3509
717,25.10.2021,26.2918
718,24.10.2021,26.2918
719,23.10.2021,26.2918
720,22.10.2021,26.2016
721,21.10.2021,26.2078
722,20.10.2021,26.272
723,19.10.2021,26.3356
724,18.10.2021,26.3419
725,17.10.2021,26.349
726,16.10.2021,26.349
727,15.10.2021,26.349
728,14.10.2021,26.349
729,13.10.2021,26.349
730,12.10.2021,26.36
731,11.10.2021,26.3515
732,10.10.2021,26.3314
733,09.10.2021,26.3314
734,08.10.2021,26.3314
735,07.10.2021,26.3503
736,06.10.2021,26.4244
737,05.10.2021,26.5722
738,04.10.2021,26.61
739,03.10.2021,26.6175
740,02.10.2021,26.6175
741,01.10.2021,26.6175
742,30.09.2021,26.576
743,29.09.2021,26.5698
744,28.09.2021,26.6556
745,27.09.2021,26.6422
746,26.09.2021,26.5272
747,25.09.2021,26.5272
748,24.09.2021,26.5272
749,23.09.2021,26.6714
750,22.09.2021,26.7081
751,21.09.2021,26.7072
752,20.09.2021,26.7028
753,19.09.2021,26.6672
754,18.09.2021,26.6672
755,17.09.2021,26.6672
756,16.09.2021,26.645
757,15.09.2021,26.6362
758,14.09.2021,26.692
759,13.09.2021,26.6782
760,12.09.2021,26.7264
761,11.09.2021,26.7264
762,10.09.2021,26.7264
763,09.09.2021,26.7452
764,08.09.2021,26.7317
765,07.09.2021,26.8102
766,06.09.2021,26.9298
767,05.09.2021,27.0247
768,04.09.2021,27.0247
769,03.09.2021,27.0247
770,02.09.2021,27.0029
771,01.09.2021,26.8928
772,31.08.2021,26.8601
773,30.08.2021,26.929
774,29.08.2021,26.929
775,28.08.2021,26.929
776,27.08.2021,26.7744
777,26.08.2021,26.7074
778,25.08.2021,26.6718
779,24.08.2021,26.6504
780,23.08.2021,26.6504
781,22.08.2021,26.6504
782,21.08.2021,26.6504
783,20.08.2021,26.6504
784,19.08.2021,26.6455
785,18.08.2021,26.6752
786,17.08.2021,26.6457
787,16.08.2021,26.6931
788,15.08.2021,26.7686
789,14.08.2021,26.7686
790,13.08.2021,26.7686
791,12.08.2021,26.8042
792,11.08.2021,26.7557
793,10.08.2021,26.8011
794,09.08.2021,26.8346
795,08.08.2021,26.9395
796,07.08.2021,26.9395
797,06.08.2021,26.9395
798,05.08.2021,26.9094
799,04.08.2021,26.8411
800,03.08.2021,26.8444
801,02.08.2021,26.8168
802,01.08.2021,26.8867
803,31.07.2021,26.8867
804,30.07.2021,26.8867
805,29.07.2021,26.8628
806,28.07.2021,26.906
807,27.07.2021,26.9805
808,26.07.2021,27.048
809,25.07.2021,27.1915
810,24.07.2021,27.1915
811,23.07.2021,27.1915
812,22.07.2021,27.2405
813,21.07.2021,27.2205
814,20.07.2021,27.2132
815,19.07.2021,27.2301
816,18.07.2021,27.2905
817,17.07.2021,27.2905
818,16.07.2021,27.2905
819,15.07.2021,27.3047
820,14.07.2021,27.3216
821,13.07.2021,27.2904
822,12.07.2021,27.3234
823,11.07.2021,27.2862
824,10.07.2021,27.2862
825,09.07.2021,27.2862
826,08.07.2021,27.2993
827,07.07.2021,27.2497
828,06.07.2021,27.2904
829,05.07.2021,27.4121
830,04.07.2021,27.3841
831,03.07.2021,27.3841
832,02.07.2021,27.3841
833,01.07.2021,27.2275
834,30.06.2021,27.1763
835,29.06.2021,27.3964
836,28.06.2021,27.4589
837,27.06.2021,27.4589
838,26.06.2021,27.4589
839,25.06.2021,27.4589
840,24.06.2021,27.2737
841,23.06.2021,27.305
842,22.06.2021,27.1935
843,21.06.2021,27.1712
844,20.06.2021,27.1712
845,19.06.2021,27.1712
846,18.06.2021,27.1712
847,17.06.2021,27.0275
848,16.06.2021,26.9258
849,15.06.2021,26.9957
850,14.06.2021,27.0404
851,13.06.2021,27.1068
852,12.06.2021,27.1068
853,11.06.2021,27.1068
854,10.06.2021,27.0906
855,09.06.2021,27.1764
856,08.06.2021,27.1923
857,07.06.2021,27.2914
858,06.06.2021,27.34
859,05.06.2021,27.34
860,04.06.2021,27.34
861,03.06.2021,27.3449
862,02.06.2021,27.4381
863,01.06.2021,27.4674
864,31.05.2021,27.5004
865,30.05.2021,27.526
866,29.05.2021,27.526
867,28.05.2021,27.526
868,27.05.2021,27.5461
869,26.05.2021,27.4553
870,25.05.2021,27.4281
871,24.05.2021,27.4572
872,23.05.2021,27.4665
873,22.05.2021,27.4665
874,21.05.2021,27.4665
875,20.05.2021,27.4166
876,19.05.2021,27.4368
877,18.05.2021,27.555
878,17.05.2021,27.6142
879,16.05.2021,27.6273
880,15.05.2021,27.6273
881,14.05.2021,27.6273
882,13.05.2021,27.6318
883,12.05.2021,27.6744
884,11.05.2021,27.7641
885,10.05.2021,27.7205
886,09.05.2021,27.7205
887,08.05.2021,27.7205
888,07.05.2021,27.7205
889,06.05.2021,27.7339
890,05.05.2021,27.733
891,04.05.2021,27.75
892,03.05.2021,27.75
893,02.05.2021,27.75
894,01.05.2021,27.75
895,30.04.2021,27.75
896,29.04.2021,27.7867
897,28.04.2021,27.7715
898,27.04.2021,27.8558
899,26.04.2021,27.9014
900,25.04.2021,28.0642
901,24.04.2021,28.0642
902,23.04.2021,28.0642
903,22.04.2021,28.0576
904,21.04.2021,28.0096
905,20.04.2021,28.0087
906,19.04.2021,27.9783
907,18.04.2021,27.9592
908,17.04.2021,27.9592
909,16.04.2021,27.9592
910,15.04.2021,27.9765
911,14.04.2021,28.0156
912,13.04.2021,27.9335
913,12.04.2021,27.9094
914,11.04.2021,27.9768
915,10.04.2021,27.9768
916,09.04.2021,27.9768
917,08.04.2021,27.8923
918,07.04.2021,27.8384
919,06.04.2021,27.939
920,05.04.2021,27.9555
921,04.04.2021,27.8324
922,03.04.2021,27.8324
923,02.04.2021,27.8324
924,01.04.2021,27.8226
925,31.03.2021,27.8852
926,30.03.2021,27.9694
927,29.03.2021,27.9679
928,28.03.2021,27.9698
929,27.03.2021,27.9698
930,26.03.2021,27.9698
931,25.03.2021,27.8706
932,24.03.2021,27.7295
933,23.03.2021,27.6871
934,22.03.2021,27.7184
935,21.03.2021,27.6828
936,20.03.2021,27.6828
937,19.03.2021,27.6828
938,18.03.2021,27.6978
939,17.03.2021,27.6525
940,16.03.2021,27.6434
941,15.03.2021,27.7305
942,14.03.2021,27.7486
943,13.03.2021,27.7486
944,12.03.2021,27.7486
945,11.03.2021,27.7016
946,10.03.2021,27.7431
947,09.03.2021,27.7091
948,08.03.2021,27.7564
949,07.03.2021,27.7564
950,06.03.2021,27.7564
951,05.03.2021,27.7564
952,04.03.2021,27.8477
953,03.03.2021,27.933
954,02.03.2021,28.0007
955,01.03.2021,27.9456
956,28.02.2021,27.9301
957,27.02.2021,27.9301
958,26.02.2021,27.9301
959,25.02.2021,27.9492
960,24.02.2021,27.8976
961,23.02.2021,27.9304
962,22.02.2021,27.8468
963,21.02.2021,27.8461
964,20.02.2021,27.8461
965,19.02.2021,27.8461
966,18.02.2021,27.9038
967,17.02.2021,27.8304
968,16.02.2021,27.9671
969,15.02.2021,27.844
970,14.02.2021,27.8384
971,13.02.2021,27.8384
972,12.02.2021,27.8384
973,11.02.2021,27.7665
974,10.02.2021,27.6426
975,09.02.2021,27.6651
976,08.02.2021,27.7711
977,07.02.2021,27.8885
978,06.02.2021,27.8885
979,05.02.2021,27.8885
980,04.02.2021,27.995
981,03.02.2021,28.0589
982,02.02.2021,28.0603
983,01.02.2021,28.1324
984,31.01.2021,28.1929
985,30.01.2021,28.1929
986,29.01.2021,28.1929
987,28.01.2021,28.1652
988,27.01.2021,28.1524
989,26.01.2021,28.1665
990,25.01.2021,28.1648
991,24.01.2021,28.2561
992,23.01.2021,28.2561
993,22.01.2021,28.2561
994,21.01.2021,28.2035
995,20.01.2021,28.1544
996,19.01.2021,28.1926
997,18.01.2021,28.0524
998,17.01.2021,28.0524
999,16.01.2021,28.0524
1000,15.01.2021,28.0609
1001,14.01.2021,27.9705
1002,13.01.2021,28.046
1003,12.01.2021,28.2038
1004,11.01.2021,28.2847
1005,10.01.2021,28.4028
1006,09.01.2021,28.4028
1007,08.01.2021,28.4028
1008,07.01.2021,28.4028
1009,06.01.2021,28.4028
1010,05.01.2021,28.431
1011,04.01.2021,28.2746
1012,03.01.2021,28.2746
1013,02.01.2021,28.2746
1014,01.01.2021,28.2746
1015,31.12.2020,28.2746
1016,30.12.2020,28.2605
1017,29.12.2020,28.3668
1018,28.12.2020,28.3547
1019,27.12.2020,28.4551
1020,26.12.2020,28.4551
1021,25.12.2020,28.4551
1022,24.12.2020,28.4551
1023,23.12.2020,28.2513
1024,22.12.2020,28.0391
1025,21.12.2020,27.828
1026,20.12.2020,27.8184
1027,19.12.2020,27.8184
1028,18.12.2020,27.8184
1029,17.12.2020,27.7373
1030,16.12.2020,27.759
1031,15.12.2020,27.8661
1032,14.12.2020,27.9666
1033,13.12.2020,28.075
1034,12.12.2020,28.075
1035,11.12.2020,28.075
1036,10.12.2020,28.0406
1037,09.12.2020,28.0828
1038,08.12.2020,28.2394
1039,07.12.2020,28.2913
1040,06.12.2020,28.3038
1041,05.12.2020,28.3038
1042,04.12.2020,28.3038
1043,03.12.2020,28.4367
1044,02.12.2020,28.5583
1045,01.12.2020,28.4962
1046,30.11.2020,28.4681
1047,29.11.2020,28.4428
1048,28.11.2020,28.4428
1049,27.11.2020,28.4428
1050,26.11.2020,28.3816
1051,25.11.2020,28.3741
1052,24.11.2020,28.3694
1053,23.11.2020,28.3553
1054,22.11.2020,28.2572
1055,21.11.2020,28.2572
1056,20.11.2020,28.2572
1057,19.11.2020,28.13
1058,18.11.2020,28.1067
1059,17.11.2020,28.112
1060,16.11.2020,28.1158
1061,15.11.2020,28.1963
1062,14.11.2020,28.1963
1063,13.11.2020,28.1963
1064,12.11.2020,28.161
1065,11.11.2020,28.1206
1066,10.11.2020,28.1116
1067,09.11.2020,28.1375
1068,08.11.2020,28.3643
1069,07.11.2020,28.3643
1070,06.11.2020,28.3643
1071,05.11.2020,28.5074
1072,04.11.2020,28.6
1073,03.11.2020,28.5827
1074,02.11.2020,28.4507
1075,01.11.2020,28.4383
1076,31.10.2020,28.4383
1077,30.10.2020,28.4383
1078,29.10.2020,28.3989
1079,28.10.2020,28.3655
1080,27.10.2020,28.3352
1081,26.10.2020,28.2911
1082,25.10.2020,28.265
1083,24.10.2020,28.265
1084,23.10.2020,28.265
1085,22.10.2020,28.2737
1086,21.10.2020,28.3707
1087,20.10.2020,28.3762
1088,19.10.2020,28.3649
1089,18.10.2020,28.3365
1090,17.10.2020,28.3365
1091,16.10.2020,28.3365
1092,15.10.2020,28.3164
1093,14.10.2020,28.2481
1094,13.10.2020,28.2481
1095,12.10.2020,28.2098
1096,11.10.2020,28.2836
1097,10.10.2020,28.2836
1098,09.10.2020,28.2836
1099,08.10.2020,28.324
1100,07.10.2020,28.3639
1101,06.10.2020,28.4009
1102,05.10.2020,28.3408
1103,04.10.2020,28.3343
1104,03.10.2020,28.3343
1105,02.10.2020,28.3343
1106,01.10.2020,28.3105
1107,30.09.2020,28.2989
1108,29.09.2020,28.3062
1109,28.09.2020,28.2673
1110,27.09.2020,28.2487
1111,26.09.2020,28.2487
1112,25.09.2020,28.2487
1113,24.09.2020,28.1874
1114,23.09.2020,28.2059
1115,22.09.2020,28.2022
1116,21.09.2020,28.1718
1117,20.09.2020,28.1127
1118,19.09.2020,28.1127
1119,18.09.2020,28.1127
1120,17.09.2020,28.1195
1121,16.09.2020,28.0556
1122,15.09.2020,28.0003
1123,14.09.2020,27.9003
1124,13.09.2020,27.8346
1125,12.09.2020,27.8346
1126,11.09.2020,27.8346
1127,10.09.2020,27.8296
1128,09.09.2020,27.8032
1129,08.09.2020,27.7509
1130,07.09.2020,27.7325
1131,06.09.2020,27.6908
1132,05.09.2020,27.6908
1133,04.09.2020,27.6908
1134,03.09.2020,27.6428
1135,02.09.2020,27.6049
1136,01.09.2020,27.5618
1137,31.08.2020,27.4759
1138,30.08.2020,27.4615
1139,29.08.2020,27.4615
1140,28.08.2020,27.4615
1141,27.08.2020,27.386
1142,26.08.2020,27.4383
1143,25.08.2020,27.3942
1144,24.08.2020,27.4812
1145,23.08.2020,27.4812
1146,22.08.2020,27.4812
1147,21.08.2020,27.4812
1148,20.08.2020,27.316
1149,19.08.2020,27.2297
1150,18.08.2020,27.3061
1151,17.08.2020,27.3474
1152,16.08.2020,27.4083
1153,15.08.2020,27.4083
1154,14.08.2020,27.4083
1155,13.08.2020,27.5266
1156,12.08.2020,27.5982
1157,11.08.2020,27.6007
1158,10.08.2020,27.6486
1159,09.08.2020,27.6793
1160,08.08.2020,27.6793
1161,07.08.2020,27.6793
1162,06.08.2020,27.7028
1163,05.08.2020,27.8225
1164,04.08.2020,27.7365
1165,03.08.2020,27.6798
1166,02.08.2020,27.6913
1167,01.08.2020,27.6913
1168,31.07.2020,27.6913
1169,30.07.2020,27.6867
1170,29.07.2020,27.6851
1171,28.07.2020,27.7571
1172,27.07.2020,27.7559
1173,26.07.2020,27.8779
1174,25.07.2020,27.8779
1175,24.07.2020,27.8779
1176,23.07.2020,27.7798
1177,22.07.2020,27.6647
1178,21.07.2020,27.6011
1179,20.07.2020,27.3606
1180,19.07.2020,27.2738
1181,18.07.2020,27.2738
1182,17.07.2020,27.2738
1183,16.07.2020,27.119
1184,15.07.2020,27.1436
1185,14.07.2020,27.0883
1186,13.07.2020,26.9505
1187,12.07.2020,26.9335
1188,11.07.2020,26.9335
1189,10.07.2020,26.9335
1190,09.07.2020,26.9514
1191,08.07.2020,26.9309
1192,07.07.2020,27.1269
1193,06.07.2020,27.1716
1194,05.07.2020,27.1801
1195,04.07.2020,27.1801
1196,03.07.2020,27.1801
1197,02.07.2020,26.77
1198,01.07.2020,26.6676
1199,30.06.2020,26.6922
1200,29.06.2020,26.7002
1201,28.06.2020,26.7002
1202,27.06.2020,26.7002
1203,26.06.2020,26.7002
1204,25.06.2020,26.6509
1205,24.06.2020,26.6078
1206,23.06.2020,26.6695
1207,22.06.2020,26.7207
1208,21.06.2020,26.7633
1209,20.06.2020,26.7633
1210,19.06.2020,26.7633
1211,18.06.2020,26.776
1212,17.06.2020,26.7424
1213,16.06.2020,26.844
1214,15.06.2020,26.7303
1215,14.06.2020,26.5999
1216,13.06.2020,26.5999
1217,12.06.2020,26.5999
1218,11.06.2020,26.6367
1219,10.06.2020,26.6412
1220,09.06.2020,26.6005
1221,08.06.2020,26.6953
1222,07.06.2020,26.6953
1223,06.06.2020,26.6953
1224,05.06.2020,26.6953
1225,04.06.2020,26.7544
1226,03.06.2020,26.7955
1227,02.06.2020,26.8181
1228,01.06.2020,26.8685
1229,31.05.2020,26.9059
1230,30.05.2020,26.9059
1231,29.05.2020,26.9059
1232,28.05.2020,27.0002
1233,27.05.2020,26.9029
1234,26.05.2020,26.8742
1235,25.05.2020,26.7556
1236,24.05.2020,26.7699
1237,23.05.2020,26.7699
1238,22.05.2020,26.7699
1239,21.05.2020,26.5854
1240,20.05.2020,26.5159
1241,19.05.2020,26.571
1242,18.05.2020,26.638
1243,17.05.2020,26.6792
1244,16.05.2020,26.6792
1245,15.05.2020,26.6792
1246,14.05.2020,26.6897
1247,13.05.2020,26.7947
1248,12.05.2020,26.8196
1249,11.05.2020,26.8185
1250,10.05.2020,26.8185
1251,09.05.2020,26.8185
1252,08.05.2020,26.8185
1253,07.05.2020,26.9323
1254,06.05.2020,26.9774
1255,05.05.2020,26.9749
1256,04.05.2020,26.9592
1257,03.05.2020,26.9714
1258,02.05.2020,26.9714
1259,01.05.2020,26.9714
1260,30.04.2020,26.9714
1261,29.04.2020,27.0485
1262,28.04.2020,27.1025
1263,27.04.2020,27.1441
1264,26.04.2020,27.0137
1265,25.04.2020,27.0137
1266,24.04.2020,27.0137
1267,23.04.2020,27.0536
1268,22.04.2020,27.0815
1269,21.04.2020,27.0774
1270,20.04.2020,27.2022
1271,19.04.2020,27.2022
1272,18.04.2020,27.2022
1273,17.04.2020,27.2022
1274,16.04.2020,27.2219
1275,15.04.2020,27.0899
1276,14.04.2020,27.0404
1277,13.04.2020,27.2022
1278,12.04.2020,27.2598
1279,11.04.2020,27.2598
1280,10.04.2020,27.2598
1281,09.04.2020,27.1965
1282,08.04.2020,27.0996
1283,07.04.2020,27.2365
1284,06.04.2020,27.373
1285,05.04.2020,27.5962
1286,04.04.2020,27.5962
1287,03.04.2020,27.5962
1288,02.04.2020,27.7538
1289,01.04.2020,27.6289
1290,31.03.2020,28.0615
1291,30.03.2020,28.183
1292,29.03.2020,28.1381
1293,28.03.2020,28.1381
1294,27.03.2020,28.1381
1295,26.03.2020,27.9552
1296,25.03.2020,27.7728
1297,24.03.2020,28.1126
1298,23.03.2020,27.7386
1299,22.03.2020,27.8025
1300,21.03.2020,27.8025
1301,20.03.2020,27.8025
1302,19.03.2020,27.2685
1303,18.03.2020,27.0566
1304,17.03.2020,26.5249
1305,16.03.2020,26.089
1306,15.03.2020,25.858
1307,14.03.2020,25.858
1308,13.03.2020,25.858
1309,12.03.2020,25.624
1310,11.03.2020,25.3135
1311,10.03.2020,24.9215
1312,09.03.2020,24.7413
1313,08.03.2020,24.7413
1314,07.03.2020,24.7413
1315,06.03.2020,24.7413
1316,05.03.2020,24.8908
1317,04.03.2020,24.9386
1318,03.03.2020,24.818
1319,02.03.2020,24.59
1320,01.03.2020,24.561
1321,29.02.2020,24.561
1322,28.02.2020,24.561
1323,27.02.2020,24.649
1324,26.02.2020,24.5307
1325,25.02.2020,24.4995
1326,24.02.2020,24.453
1327,23.02.2020,24.4777
1328,22.02.2020,24.4777
1329,21.02.2020,24.4777
1330,20.02.2020,24.5231
1331,19.02.2020,24.4431
1332,18.02.2020,24.4456
1333,17.02.2020,24.447
1334,16.02.2020,24.4795
1335,15.02.2020,24.4795
1336,14.02.2020,24.4795
1337,13.02.2020,24.4966
1338,12.02.2020,24.4236
1339,11.02.2020,24.5188
1340,10.02.2020,24.537
1341,09.02.2020,24.5794
1342,08.02.2020,24.5794
1343,07.02.2020,24.5794
1344,06.02.2020,24.7959
1345,05.02.2020,24.8523
1346,04.02.2020,25.0836
1347,03.02.2020,25.0294
1348,02.02.2020,24.9196
1349,01.02.2020,24.9196
1350,31.01.2020,24.9196
1351,30.01.2020,24.8491
1352,29.01.2020,24.7204
1353,28.01.2020,24.5984
1354,27.01.2020,24.3301
1355,26.01.2020,24.5212
1356,25.01.2020,24.5212
1357,24.01.2020,24.5212
1358,23.01.2020,24.331
1359,22.01.2020,24.2586
1360,21.01.2020,24.3257
1361,20.01.2020,24.2527
1362,19.01.2020,24.0923
1363,18.01.2020,24.0923
1364,17.01.2020,24.0923
1365,16.01.2020,23.9821
1366,15.01.2020,24.0257
1367,14.01.2020,23.9275
1368,13.01.2020,23.9677
1369,12.01.2020,23.9677
1370,11.01.2020,23.9677
1371,10.01.2020,24.119
1372,09.01.2020,23.8345
1373,08.01.2020,23.6785
1374,07.01.2020,23.6862
1375,06.01.2020,23.6862
1376,05.01.2020,23.6862
1377,04.01.2020,23.6862
1378,03.01.2020,23.6862
1379,02.01.2020,23.6862
1380,01.01.2020,23.6862
1381,31.12.2019,23.6862
1382,30.12.2019,23.6862
1383,29.12.2019,23.6862
1384,28.12.2019,23.6862
1385,27.12.2019,2329.2885
1386,26.12.2019,2325.5155
1387,25.12.2019,2327.5766
1388,24.12.2019,2327.5766
1389,23.12.2019,2329.1225
1390,22.12.2019,2332.5284
1391,21.12.2019,2332.5284
1392,20.12.2019,2337.4052
1393,19.12.2019,2341.3086
1394,18.12.2019,2346.9132
1395,17.12.2019,2349.0376
1396,16.12.2019,2349.7996
1397,15.12.2019,2356.3276
1398,14.12.2019,2356.3276
1399,13.12.2019,2356.3276
1400,12.12.2019,2360.3546
1401,11.12.2019,2368.9203
1402,10.12.2019,2368.8511
1403,09.12.2019,2372.4789
1404,08.12.2019,2387.7034
1405,07.12.2019,2387.7034
1406,06.12.2019,2387.7034
1407,05.12.2019,2393.0282
1408,04.12.2019,2393.9216
1409,03.12.2019,2395.7354
1410,02.12.2019,2397.2276
1411,01.12.2019,2403.5575
1412,30.11.2019,2403.5575
1413,29.11.2019,2403.5575
1414,28.11.2019,2398.4391
1415,27.11.2019,2398.2702
1416,26.11.2019,2405.3801
1417,25.11.2019,2416.4262
1418,24.11.2019,2419.3689
1419,23.11.2019,2419.3689
1420,22.11.2019,2419.3689
1421,21.11.2019,2418.3603
1422,20.11.2019,2420.3928
1423,19.11.2019,2413.7178
1424,18.11.2019,2422.0132
1425,17.11.2019,2424.4999
1426,16.11.2019,2424.4999
1427,15.11.2019,2424.4999
1428,14.11.2019,2431.5588
1429,13.11.2019,2446.1896
1430,12.11.2019,2451.1018
1431,11.11.2019,2450.1887
1432,10.11.2019,2451.5816
1433,09.11.2019,2451.5816
1434,08.11.2019,2451.5816
1435,07.11.2019,2465.7612
1436,06.11.2019,2471.9467
1437,05.11.2019,2479.8021
1438,04.11.2019,2473.8144
1439,03.11.2019,2481.9089
1440,02.11.2019,2481.9089
1441,01.11.2019,2481.9089
1442,31.10.2019,2499.5421
1443,30.10.2019,2511.3805
1444,29.10.2019,2506.7144
1445,28.10.2019,2517.4116
1446,27.10.2019,2511.4112
1447,26.10.2019,2511.4112
1448,25.10.2019,2511.4112
1449,24.10.2019,2489.2529
1450,23.10.2019,2484.4629
1451,22.10.2019,2497.5156
1452,21.10.2019,2503.5071
1453,20.10.2019,2473.3852
1454,19.10.2019,2473.3852
1455,18.10.2019,2473.3852
1456,17.10.2019,2483.5244
1457,16.10.2019,2478.5759
1458,15.10.2019,2453.8038
1459,14.10.2019,2453.0569
1460,13.10.2019,2453.0569
1461,12.10.2019,2453.0569
1462,11.10.2019,2453.0569
1463,10.10.2019,2470.1001
1464,09.10.2019,2470.7021
1465,08.10.2019,2486.7568
1466,07.10.2019,2461.1821
1467,06.10.2019,2487.7122
1468,05.10.2019,2487.7122
1469,04.10.2019,2487.7122
1470,03.10.2019,2485.9769
1471,02.10.2019,2455.5302
1472,01.10.2019,2419.7474
1473,30.09.2019,2408.2809
1474,29.09.2019,2418.6956
1475,28.09.2019,2418.6956
1476,27.09.2019,2418.6956
1477,26.09.2019,2412.0199
1478,25.09.2019,2420.9491
1479,24.09.2019,2432.7195
1480,23.09.2019,2443.2618
1481,22.09.2019,2461.7559
1482,21.09.2019,2461.7559
1483,20.09.2019,2461.7559
1484,19.09.2019,2466.9853
1485,18.09.2019,2476.452
1486,17.09.2019,2477.1443
1487,16.09.2019,2471.0681
1488,15.09.2019,2483.1184
1489,14.09.2019,2483.1184
1490,13.09.2019,2483.1184
1491,12.09.2019,2496.8816
1492,11.09.2019,2488.2279
1493,10.09.2019,2502.6567
1494,09.09.2019,2508.6035
1495,08.09.2019,2531.0639
1496,07.09.2019,2531.0639
1497,06.09.2019,2531.0639
1498,05.09.2019,2526.3457
1499,04.09.2019,2529.6865
1500,03.09.2019,2526.3473
1501,02.09.2019,2514.4111
1502,01.09.2019,2523.2299
1503,31.08.2019,2523.2299
1504,30.08.2019,2523.2299
1505,29.08.2019,2522.1856
1506,28.08.2019,2516.493
1507,27.08.2019,2506.289
1508,26.08.2019,2504.2697
1509,25.08.2019,2504.2697
1510,24.08.2019,2504.2697
1511,23.08.2019,2504.2697
1512,22.08.2019,2520.4427
1513,21.08.2019,2513.13
1514,20.08.2019,2517.5684
1515,19.08.2019,2514.2848
1516,18.08.2019,2532.1651
1517,17.08.2019,2532.1651
1518,16.08.2019,2532.1651
1519,15.08.2019,2524.9317
1520,14.08.2019,2514.616
1521,13.08.2019,2515.8487
1522,12.08.2019,2509.0813
1523,11.08.2019,2531.6561
1524,10.08.2019,2531.6561
1525,09.08.2019,2531.6561
1526,08.08.2019,2542.4348
1527,07.08.2019,2559.0328
1528,06.08.2019,2573.5045
1529,05.08.2019,2553.7711
1530,04.08.2019,2534.9919
1531,03.08.2019,2534.9919
1532,02.08.2019,2534.9919
1533,01.08.2019,2502.0755
1534,31.07.2019,2508.5516
1535,30.07.2019,2525.2582
1536,29.07.2019,2543.9728
1537,28.07.2019,2548.7337
1538,27.07.2019,2548.7337
1539,26.07.2019,2548.7337
1540,25.07.2019,2551.63
1541,24.07.2019,2563.0047
1542,23.07.2019,2564.3112
1543,22.07.2019,2581.5345
1544,21.07.2019,2603.0049
1545,20.07.2019,2603.0049
1546,19.07.2019,2603.0049
1547,18.07.2019,2586.2087
1548,17.07.2019,2586.4142
1549,16.07.2019,2574.092
1550,15.07.2019,2576.0584
1551,14.07.2019,2580.1837
1552,13.07.2019,2580.1837
1553,12.07.2019,2580.1837
1554,11.07.2019,2570.0474
1555,10.07.2019,2548.9178
1556,09.07.2019,2560.2161
1557,08.07.2019,2571.1361
1558,07.07.2019,2587.0835
1559,06.07.2019,2587.0835
1560,05.07.2019,2587.0835
1561,04.07.2019,2604.4841
1562,03.07.2019,2617.9033
1563,02.07.2019,2620.6493
1564,01.07.2019,2617.7939
1565,30.06.2019,2616.6382
1566,29.06.2019,2616.6382
1567,28.06.2019,2616.6382
1568,27.06.2019,2616.6382
1569,26.06.2019,2619.1023
1570,25.06.2019,2619.1201
1571,24.06.2019,2626.6416
1572,23.06.2019,2637.5876
1573,22.06.2019,2637.5876
1574,21.06.2019,2637.5876
1575,20.06.2019,2633.4256
1576,19.06.2019,2638.8427
1577,18.06.2019,2642.1945
1578,17.06.2019,2641.708
1579,16.06.2019,2641.708
1580,15.06.2019,2641.708
1581,14.06.2019,2641.708
1582,13.06.2019,2640.1893
1583,12.06.2019,2629.895
1584,11.06.2019,2637.5022
1585,10.06.2019,2659.5721
1586,09.06.2019,2679.5094
1587,08.06.2019,2679.5094
1588,07.06.2019,2679.5094
1589,06.06.2019,2693.0098
1590,05.06.2019,2720.6934
1591,04.06.2019,2695.4834
1592,03.06.2019,2685.4695
1593,02.06.2019,2687.2573
1594,01.06.2019,2687.2573
1595,31.05.2019,2687.2573
1596,30.05.2019,2668.3376
1597,29.05.2019,2640.6167
1598,28.05.2019,2632.5682
1599,27.05.2019,2647.478
1600,26.05.2019,2633.5723
1601,25.05.2019,2633.5723
1602,24.05.2019,2633.5723
1603,23.05.2019,2630.4698
1604,22.05.2019,2611.2451
1605,21.05.2019,2620.2895
1606,20.05.2019,2636.8202
1607,19.05.2019,2634.2913
1608,18.05.2019,2634.2913
1609,17.05.2019,2634.2913
1610,16.05.2019,2637.4033
1611,15.05.2019,2616.2875
1612,14.05.2019,2611.3216
1613,13.05.2019,2620.5887
1614,12.05.2019,2620.5887
1615,11.05.2019,2620.5887
1616,10.05.2019,2624.955
1617,09.05.2019,2634.002
1618,08.05.2019,2634.002
1619,07.05.2019,2649.592
1620,06.05.2019,2648.0461
1621,05.05.2019,2655.7242
1622,04.05.2019,2655.7242
1623,03.05.2019,2655.7242
1624,02.05.2019,2649.2737
1625,01.05.2019,2661.9328
1626,30.04.2019,2661.9328
1627,29.04.2019,2661.9328
1628,28.04.2019,2661.9328
1629,27.04.2019,2661.9328
1630,26.04.2019,2661.9328
1631,25.04.2019,2659.4202
1632,24.04.2019,2668.8008
1633,23.04.2019,2677.5371
1634,22.04.2019,2685.397
1635,21.04.2019,2683.7655
1636,20.04.2019,2683.7655
1637,19.04.2019,2683.7655
1638,18.04.2019,2668.7575
1639,17.04.2019,2672.2277
1640,16.04.2019,2681.0204
1641,15.04.2019,2671.3872
1642,14.04.2019,2683.1419
1643,13.04.2019,2683.1419
1644,12.04.2019,2683.1419
1645,11.04.2019,2676.5228
1646,10.04.2019,2669.6098
1647,09.04.2019,2664.4138
1648,08.04.2019,2676.8706
1649,07.04.2019,2702.2033
1650,06.04.2019,2702.2033
1651,05.04.2019,2702.2033
1652,04.04.2019,2708.1121
1653,03.04.2019,2697.4158
1654,02.04.2019,2719.0867
1655,01.04.2019,2720.9103
1656,31.03.2019,2724.8765
1657,30.03.2019,2724.8765
1658,29.03.2019,2724.8765
1659,28.03.2019,2708.1767
1660,27.03.2019,2698.0222
1661,26.03.2019,2688.9136
1662,25.03.2019,2696.0935
1663,24.03.2019,2725.6311
1664,23.03.2019,2725.6311
1665,22.03.2019,2725.6311
1666,21.03.2019,2716.7879
1667,20.03.2019,2716.083
1668,19.03.2019,2713.189
1669,18.03.2019,2701.4849
1670,17.03.2019,2671.6488
1671,16.03.2019,2671.6488
1672,15.03.2019,2671.6488
1673,14.03.2019,2670.2931
1674,13.03.2019,2635.9553
1675,12.03.2019,2631.1955
1676,11.03.2019,2638.9167
1677,10.03.2019,2648.1142
1678,09.03.2019,2648.1142
1679,08.03.2019,2648.1142
1680,07.03.2019,2648.1142
1681,06.03.2019,2676.2376
1682,05.03.2019,2682.7083
1683,04.03.2019,2686.2244
1684,03.03.2019,2685.9165
1685,02.03.2019,2685.9165
1686,01.03.2019,2685.9165
1687,28.02.2019,2699.2764
1688,27.02.2019,2698.2628
1689,26.02.2019,2699.0656
1690,25.02.2019,2701.7312
1691,24.02.2019,2700.263
1692,23.02.2019,2700.263
1693,22.02.2019,2700.263
1694,21.02.2019,2708.7563
1695,20.02.2019,2717.3251
1696,19.02.2019,2718.5914
1697,18.02.2019,2724.7894
1698,17.02.2019,2715.9961
1699,16.02.2019,2715.9961
1700,15.02.2019,2715.9961
1701,14.02.2019,2709.2791
1702,13.02.2019,2700.7494
1703,12.02.2019,2705.7716
1704,11.02.2019,2689.9993
1705,10.02.2019,2695.935
1706,09.02.2019,2695.935
1707,08.02.2019,2695.935
1708,07.02.2019,2696.4088
1709,06.02.2019,2721.5854
1710,05.02.2019,2742.3692
1711,04.02.2019,2757.0704
1712,03.02.2019,2774.096
1713,02.02.2019,2774.096
1714,01.02.2019,2774.096
1715,31.01.2019,2775.5525
1716,30.01.2019,2777.2064
1717,29.01.2019,2779.0097
1718,28.01.2019,2781.7285
1719,27.01.2019,2778.6528
1720,26.01.2019,2778.6528
1721,25.01.2019,2778.6528
1722,24.01.2019,2770.3713
1723,23.01.2019,2789.5838
1724,22.01.2019,2794.8597
1725,21.01.2019,2798.0832
1726,20.01.2019,2803.3609
1727,19.01.2019,2803.3609
1728,18.01.2019,2803.3609
1729,17.01.2019,2800.8502
1730,16.01.2019,2816.6809
1731,15.01.2019,2802.3674
1732,14.01.2019,2815.3842
1733,13.01.2019,2827.0148
1734,12.01.2019,2827.0148
1735,11.01.2019,2827.0148
1736,10.01.2019,2812.2133
1737,09.01.2019,2802.3739
1738,08.01.2019,2770.94
1739,07.01.2019,2751.1682
1740,06.01.2019,2751.1682
1741,05.01.2019,2751.1682
1742,04.01.2019,2751.1682
1743,03.01.2019,2768.8264
1744,02.01.2019,2768.8264
1745,01.01.2019,2768.8264
1746,31.12.2018,2768.8264
1747,30.12.2018,2768.8264
1748,29.12.2018,2768.8264
1749,28.12.2018,2745.4979
1750,27.12.2018,2726.7788
1751,26.12.2018,2743.3934
1752,25.12.2018,2743.3934
1753,24.12.2018,2743.3934
1754,23.12.2018,2743.3934
1755,22.12.2018,2743.3934
1756,21.12.2018,2757.6874
1757,20.12.2018,2771.7006
1758,19.12.2018,2784.7943
1759,18.12.2018,2788.6082
1760,17.12.2018,2783.7123
1761,16.12.2018,2786.7006
1762,15.12.2018,2786.7006
1763,14.12.2018,2786.7006
1764,13.12.2018,2780.8135
1765,12.12.2018,2771.3165
1766,11.12.2018,2777.6824
1767,10.12.2018,2782.4246
1768,09.12.2018,2787.9569
1769,08.12.2018,2787.9569
1770,07.12.2018,2787.9569
1771,06.12.2018,2797.5656
1772,05.12.2018,2812.5926
1773,04.12.2018,2817.2738
1774,03.12.2018,2822.2764
1775,02.12.2018,2839.0932
1776,01.12.2018,2839.0932
1777,30.11.2018,2839.0932
1778,29.11.2018,2826.9049
1779,28.11.2018,2810.5334
1780,27.11.2018,2789.8447
1781,26.11.2018,2779.5828
1782,25.11.2018,2774.5837
1783,24.11.2018,2774.5837
1784,23.11.2018,2774.5837
1785,22.11.2018,2777.4898
1786,21.11.2018,2776.3875
1787,20.11.2018,2776.4829
1788,19.11.2018,2775.497
1789,18.11.2018,2777.4256
1790,17.11.2018,2777.4256
1791,16.11.2018,2777.4256
1792,15.11.2018,2783.9406
1793,14.11.2018,2791.8162
1794,13.11.2018,2790.3737
1795,12.11.2018,2789.1641
1796,11.11.2018,2792.6734
1797,10.11.2018,2792.6734
1798,09.11.2018,2792.6734
1799,08.11.2018,2789.6958
1800,07.11.2018,2795.584
1801,06.11.2018,2801.5313
1802,05.11.2018,2813.2823
1803,04.11.2018,2815.7863
1804,03.11.2018,2815.7863
1805,02.11.2018,2815.7863
1806,01.11.2018,2811.8832
1807,31.10.2018,2816.4437
1808,30.10.2018,2820.2526
1809,29.10.2018,2826.5984
1810,28.10.2018,2833.5582
1811,27.10.2018,2833.5582
1812,26.10.2018,2833.5582
1813,25.10.2018,2821.3097
1814,24.10.2018,2814.9402
1815,23.10.2018,2808.0405
1816,22.10.2018,2818.2001
1817,21.10.2018,2803.6647
1818,20.10.2018,2803.6647
1819,19.10.2018,2803.6647
1820,18.10.2018,2791.6894
1821,17.10.2018,2793.002
1822,16.10.2018,2792.8166
1823,15.10.2018,2798.4519
1824,14.10.2018,2798.4519
1825,13.10.2018,2798.4519
1826,12.10.2018,2798.4519
1827,11.10.2018,2800.2897
1828,10.10.2018,2808.144
1829,09.10.2018,2808.792
1830,08.10.2018,2808.4816
1831,07.10.2018,2817.5055
1832,06.10.2018,2817.5055
1833,05.10.2018,2817.5055
1834,04.10.2018,2832.0055
1835,03.10.2018,2827.6259
1836,02.10.2018,2821.2677
1837,01.10.2018,2826.9931
1838,30.09.2018,2829.8262
1839,29.09.2018,2829.8262
1840,28.09.2018,2829.8262
1841,27.09.2018,2814.2843
1842,26.09.2018,2806.1209
1843,25.09.2018,2811.1097
1844,24.09.2018,2806.288
1845,23.09.2018,2806.185
1846,22.09.2018,2806.185
1847,21.09.2018,2806.185
1848,20.09.2018,2812.0205
1849,19.09.2018,2815.1007
1850,18.09.2018,2812.6754
1851,17.09.2018,2815.2072
1852,16.09.2018,2812.6838
1853,15.09.2018,2812.6838
1854,14.09.2018,2812.6838
1855,13.09.2018,2802.6096
1856,12.09.2018,2809.5614
1857,11.09.2018,2820.0688
1858,10.09.2018,2826.4977
1859,09.09.2018,2822.4632
1860,08.09.2018,2822.4632
1861,07.09.2018,2822.4632
1862,06.09.2018,2841.1552
1863,05.09.2018,2849.2993
1864,04.09.2018,2837.8299
1865,03.09.2018,2824.6117
1866,02.09.2018,2827.9437
1867,01.09.2018,2827.9437
1868,31.08.2018,2827.9437
1869,30.08.2018,2811.6426
1870,29.08.2018,2805.1217
1871,28.08.2018,2788.524
1872,27.08.2018,2785.3197
1873,26.08.2018,2788.5488
1874,25.08.2018,2788.5488
1875,24.08.2018,2788.5488
1876,23.08.2018,2788.5488
1877,22.08.2018,2770.9475
1878,21.08.2018,2769.668
1879,20.08.2018,2789.8554
1880,19.08.2018,2767.0533
1881,18.08.2018,2767.0533
1882,17.08.2018,2767.0533
1883,16.08.2018,2744.986
1884,15.08.2018,2745.8922
1885,14.08.2018,2734.4448
1886,13.08.2018,2724.564
1887,12.08.2018,2711.1393
1888,11.08.2018,2711.1393
1889,10.08.2018,2711.1393
1890,09.08.2018,2696.1726
1891,08.08.2018,2702.1054
1892,07.08.2018,2713.1725
1893,06.08.2018,2709.2701
1894,05.08.2018,2701.1867
1895,04.08.2018,2701.1867
1896,03.08.2018,2701.1867
1897,02.08.2018,2696.213
1898,01.08.2018,2686.6717
1899,31.07.2018,2675.5214
1900,30.07.2018,2676.1506
1901,29.07.2018,2665.1412
1902,28.07.2018,2665.1412
1903,27.07.2018,2665.1412
1904,26.07.2018,2662.6878
1905,25.07.2018,2658.3191
1906,24.07.2018,2644.9683
1907,23.07.2018,2644.6104
1908,22.07.2018,2647.2433
1909,21.07.2018,2647.2433
1910,20.07.2018,2647.2433
1911,19.07.2018,2630.3338
1912,18.07.2018,2622.1563
1913,17.07.2018,2620.6838
1914,16.07.2018,2623.3225
1915,15.07.2018,2622.8045
1916,14.07.2018,2622.8045
1917,13.07.2018,2622.8045
1918,12.07.2018,2622.7255
1919,11.07.2018,2620.9172
1920,10.07.2018,2624.9754
1921,09.07.2018,2631.595
1922,08.07.2018,2642.978
1923,07.07.2018,2642.978
1924,06.07.2018,2642.978
1925,05.07.2018,2643.7983
1926,04.07.2018,2629.9259
1927,03.07.2018,2623.2692
1928,02.07.2018,2632.7494
1929,01.07.2018,2618.917
1930,30.06.2018,2618.917
1931,29.06.2018,2618.917
1932,28.06.2018,2618.917
1933,27.06.2018,2618.917
1934,26.06.2018,2617.3625
1935,25.06.2018,2623.8901
1936,24.06.2018,2623.8901
1937,23.06.2018,2623.8901
1938,22.06.2018,2630.5365
1939,21.06.2018,2647.5945
1940,20.06.2018,2644.6439
1941,19.06.2018,2632.8987
1942,18.06.2018,2631.5543
1943,17.06.2018,2621.9678
1944,16.06.2018,2621.9678
1945,15.06.2018,2621.9678
1946,14.06.2018,2612.421
1947,13.06.2018,2608.749
1948,12.06.2018,2609.1315
1949,11.06.2018,2613.6416
1950,10.06.2018,2617.1679
1951,09.06.2018,2617.1679
1952,08.06.2018,2617.1679
1953,07.06.2018,2616.2366
1954,06.06.2018,2615.621
1955,05.06.2018,2613.2875
1956,04.06.2018,2611.3944
1957,03.06.2018,2612.231
1958,02.06.2018,2612.231
1959,01.06.2018,2612.231
1960,31.05.2018,2613.5817
1961,30.05.2018,2609.8943
1962,29.05.2018,2614.949
1963,28.05.2018,2610.7517
1964,27.05.2018,2610.7517
1965,26.05.2018,2610.7517
1966,25.05.2018,2610.7517
1967,24.05.2018,2608.1533
1968,23.05.2018,2607.1164
1969,22.05.2018,2608.3615
1970,21.05.2018,2614.7963
1971,20.05.2018,2618.8814
1972,19.05.2018,2618.8814
1973,18.05.2018,2618.8814
1974,17.05.2018,2620.817
1975,16.05.2018,2621.0807
1976,15.05.2018,2617.1243
1977,14.05.2018,2619.8009
1978,13.05.2018,2619.216
1979,12.05.2018,2619.216
1980,11.05.2018,2619.216
1981,10.05.2018,2621.9038
1982,09.05.2018,2629.0191
1983,08.05.2018,2629.0191
1984,07.05.2018,2630.5522
1985,06.05.2018,2630.5522
1986,05.05.2018,2630.5522
1987,04.05.2018,2619.147
1988,03.05.2018,2615.5067
1989,02.05.2018,2619.5648
1990,01.05.2018,2623.0047
1991,30.04.2018,2623.0047
1992,29.04.2018,2623.0047
1993,28.04.2018,2623.0047
1994,27.04.2018,2623.0047
1995,26.04.2018,2627.0545
1996,25.04.2018,2617.7264
1997,24.04.2018,2612.5554
1998,23.04.2018,2617.8455
1999,22.04.2018,2622.5963
2000,21.04.2018,2622.5963
2001,20.04.2018,2622.5963
2002,19.04.2018,2614.7772
2003,18.04.2018,2608.2873
2004,17.04.2018,2608.9279
2005,16.04.2018,2612.4909
2006,15.04.2018,2598.635
2007,14.04.2018,2598.635
2008,13.04.2018,2598.635
2009,12.04.2018,2592.5912
2010,11.04.2018,2597.5527
2011,10.04.2018,2602.6968
2012,09.04.2018,2606.6537
2013,08.04.2018,2606.6537
2014,07.04.2018,2606.6537
2015,06.04.2018,2606.6537
2016,05.04.2018,2626.3057
2017,04.04.2018,2632.9568
2018,03.04.2018,2616.096
2019,02.04.2018,2630.7046
2020,01.04.2018,2654.3493
2021,31.03.2018,2654.3493
2022,30.03.2018,2654.3493
2023,29.03.2018,2640.5249
2024,28.03.2018,2630.627
2025,27.03.2018,2630.439
2026,26.03.2018,2626.5478
2027,25.03.2018,2625.3649
2028,24.03.2018,2625.3649
2029,23.03.2018,2625.3649
2030,22.03.2018,2628.0974
2031,21.03.2018,2630.1118
2032,20.03.2018,2643.6044
2033,19.03.2018,2635.391
2034,18.03.2018,2627.2654
2035,17.03.2018,2627.2654
2036,16.03.2018,2627.2654
2037,15.03.2018,2601.3978
2038,14.03.2018,2591.5887
2039,13.03.2018,2592.4612
2040,12.03.2018,2609.3953
2041,11.03.2018,2634.8957
2042,10.03.2018,2634.8957
2043,09.03.2018,2634.8957
2044,08.03.2018,2634.8957
2045,07.03.2018,2634.8957
2046,06.03.2018,2648.208
2047,05.03.2018,2653.5904
2048,04.03.2018,2653.5904
2049,03.03.2018,2653.5904
2050,02.03.2018,2666.9496
2051,01.03.2018,2680.5516
2052,28.02.2018,2694.8185
2053,27.02.2018,2700.661
2054,26.02.2018,2698.8658
2055,25.02.2018,2707.1843
2056,24.02.2018,2707.1843
2057,23.02.2018,2707.1843
2058,22.02.2018,2698.8039
2059,21.02.2018,2707.2945
2060,20.02.2018,2701.1922
2061,19.02.2018,2699.0889
2062,18.02.2018,2675.9805
2063,17.02.2018,2675.9805
2064,16.02.2018,2675.9805
2065,15.02.2018,2665.4762
2066,14.02.2018,2669.948
2067,13.02.2018,2684.0367
2068,12.02.2018,2705.8546
2069,11.02.2018,2712.4023
2070,10.02.2018,2712.4023
2071,09.02.2018,2712.4023
2072,08.02.2018,2711.9635
2073,07.02.2018,2746.0866
2074,06.02.2018,2774.2448
2075,05.02.2018,2788.7139
2076,04.02.2018,2786.9462
2077,03.02.2018,2786.9462
2078,02.02.2018,2786.9462
2079,01.02.2018,2784.3493
2080,31.01.2018,2800.8791
2081,30.01.2018,2824.6515
2082,29.01.2018,2854.8638
2083,28.01.2018,2874.5248
2084,27.01.2018,2874.5248
2085,26.01.2018,2874.5248
2086,25.01.2018,2886.5367
2087,24.01.2018,2886.4823
2088,23.01.2018,2887.5837
2089,22.01.2018,2884.4816
2090,21.01.2018,2877.7485
2091,20.01.2018,2877.7485
2092,19.01.2018,2877.7485
2093,18.01.2018,2866.6132
2094,17.01.2018,2865.2576
2095,16.01.2018,2856.7664
2096,15.01.2018,2853.6637
2097,14.01.2018,2844.5711
2098,13.01.2018,2844.5711
2099,12.01.2018,2844.5711
2100,11.01.2018,2832.8813
2101,10.01.2018,2820.3244
2102,09.01.2018,2820.3329
2103,08.01.2018,2801.3366
2104,07.01.2018,2801.3366
2105,06.01.2018,2801.3366
2106,05.01.2018,2801.3366
2107,04.01.2018,2789.054
2108,03.01.2018,2806.7223
2109,02.01.2018,2806.7223
2110,01.01.2018,2806.7223
2111,31.12.2017,2806.7223
2112,30.12.2017,2806.7223
